A,AA,B,BB,
A1,AA1,B1,BB1,
A1,AA1,B1,BB2,
A1,AA1,B1,BB3,
A1,AA1,B2,BB4,
A1,AA1,B2,BB5,
A1,AA1,B2,BB6,
A1,AA1,B3,BB7,
A1,AA1,B3,BB8,
A1,AA1,B3,BB9,
A1,AA2,B1,BB1,
A1,AA2,B1,BB2,
A1,AA2,B1,BB3,
A1,AA2,B2,BB4,
A1,AA2,B2,BB5,
A1,AA2,B2,BB6,
A1,AA2,B3,BB7,
A1,AA2,B3,BB8,
A1,AA2,B3,BB9,
A1,AA3,B1,BB1,
A1,AA3,B1,BB2,
A1,AA3,B1,BB3,
A1,AA3,B2,BB4,
A1,AA3,B2,BB5,
A1,AA3,B2,BB6,
A1,AA3,B3,BB7,
A1,AA3,B3,BB8,
A1,AA3,B3,BB9,
A2,AA4,B1,BB1,
A2,AA4,B1,BB2,
A2,AA4,B1,BB3,
A2,AA4,B2,BB4,
A2,AA4,B2,BB5,
A2,AA4,B2,BB6,
A2,AA4,B3,BB7,
A2,AA4,B3,BB8,
A2,AA4,B3,BB9,
A2,AA5,B1,BB1,
A2,AA5,B1,BB2,
A2,AA5,B1,BB3,
A2,AA5,B2,BB4,
A2,AA5,B2,BB5,
A2,AA5,B2,BB6,
A2,AA5,B3,BB7,
A2,AA5,B3,BB8,
A2,AA5,B3,BB9,
A2,AA6,B1,BB1,
A2,AA6,B1,BB2,
A2,AA6,B1,BB3,
A2,AA6,B2,BB4,
A2,AA6,B2,BB5,
A2,AA6,B2,BB6,
A2,AA6,B3,BB7,
A2,AA6,B3,BB8,
A2,AA6,B3,BB9,
A3,AA7,B1,BB1,
A3,AA7,B1,BB2,
A3,AA7,B1,BB3,
A3,AA7,B2,BB4,
A3,AA7,B2,BB5,
A3,AA7,B2,BB6,
A3,AA7,B3,BB7,
A3,AA7,B3,BB8,
A3,AA7,B3,BB9,
A3,AA8,B1,BB1,
A3,AA8,B1,BB2,
A3,AA8,B1,BB3,
A3,AA8,B2,BB4,
A3,AA8,B2,BB5,
A3,AA8,B2,BB6,
A3,AA8,B3,BB7,
A3,AA8,B3,BB8,
A3,AA8,B3,BB9,
A3,AA9,B1,BB1,
A3,AA9,B1,BB2,
A3,AA9,B1,BB3,
A3,AA9,B2,BB4,
A3,AA9,B2,BB5,
A3,AA9,B2,BB6,
A3,AA9,B3,BB7,
A3,AA9,B3,BB8,
A3,AA9,B3,BB9,
A1,AA1,B1,(Open),
A1,AA2,B1,(Open),
A1,AA3,B1,(Open),
A2,AA4,B1,(Open),
A2,AA5,B1,(Open),
A2,AA6,B1,(Open),
A3,AA7,B1,(Open),
A3,AA8,B1,(Open),
A3,AA9,B1,(Open),
A1,AA1,B2,(Open),
A1,AA2,B2,(Open),
A1,AA3,B2,(Open),
A2,AA4,B2,(Open),
A2,AA5,B2,(Open),
A2,AA6,B2,(Open),
A3,AA7,B2,(Open),
A3,AA8,B2,(Open),
A3,AA9,B2,(Open),
A1,AA1,B3,(Open),
A1,AA2,B3,(Open),
A1,AA3,B3,(Open),
A2,AA4,B3,(Open),
A2,AA5,B3,(Open),
A2,AA6,B3,(Open),
A3,AA7,B3,(Open),
A3,AA8,B3,(Open),
A3,AA9,B3,(Open),
A1,AA1,(Open),(Open),
A1,AA2,(Open),(Open),
A1,AA3,(Open),(Open),
A2,AA4,(Open),(Open),
A2,AA5,(Open),(Open),
A2,AA6,(Open),(Open),
A3,AA7,(Open),(Open),
A3,AA8,(Open),(Open),
A3,AA9,(Open),(Open),
A1,(Open),(Open),(Open),
A2,(Open),(Open),(Open),
A3,(Open),(Open),(Open),
A1,(Open),B1,(Open),
A2,(Open),B1,(Open),
A3,(Open),B1,(Open),
A1,(Open),B2,(Open),
A2,(Open),B2,(Open),
A3,(Open),B2,(Open),
A1,(Open),B3,(Open),
A2,(Open),B3,(Open),
A3,(Open),B3,(Open),
A1,(Open),B1,BB1,
A1,(Open),B1,BB2,
A1,(Open),B1,BB3,
A1,(Open),B2,BB4,
A1,(Open),B2,BB5,
A1,(Open),B2,BB6,
A1,(Open),B3,BB7,
A1,(Open),B3,BB8,
A1,(Open),B3,BB9,
A2,(Open),B1,BB1,
A2,(Open),B1,BB2,
A2,(Open),B1,BB3,
A2,(Open),B2,BB4,
A2,(Open),B2,BB5,
A2,(Open),B2,BB6,
A2,(Open),B3,BB7,
A2,(Open),B3,BB8,
A2,(Open),B3,BB9,
A3,(Open),B1,BB1,
A3,(Open),B1,BB2,
A3,(Open),B1,BB3,
A3,(Open),B2,BB4,
A3,(Open),B2,BB5,
A3,(Open),B2,BB6,
A3,(Open),B3,BB7,
A3,(Open),B3,BB8,
A3,(Open),B3,BB9,
(Open),(Open),B1,BB1,
(Open),(Open),B1,BB2,
(Open),(Open),B1,BB3,
(Open),(Open),B2,BB4,
(Open),(Open),B2,BB5,
(Open),(Open),B2,BB6,
(Open),(Open),B3,BB7,
(Open),(Open),B3,BB8,
(Open),(Open),B3,BB9,
(Open),(Open),B1,(Open),
(Open),(Open),B2,(Open),
(Open),(Open),B3,(Open),
(Open),(Open),(Open),(Open)