A,AA,B,BB,Date,Units
A1,AA1,B1,BB1,1/1/2019,0
A1,AA1,B1,BB2,1/1/2019,0
A1,AA1,B1,BB3,1/1/2019,0
A1,AA1,B2,BB4,1/1/2019,0
A1,AA1,B2,BB5,1/1/2019,0
A1,AA1,B2,BB6,1/1/2019,0
A1,AA1,B3,BB7,1/1/2019,0
A1,AA1,B3,BB8,1/1/2019,0
A1,AA1,B3,BB9,1/1/2019,0
A1,AA2,B1,BB1,1/1/2019,0
A1,AA2,B1,BB2,1/1/2019,0
A1,AA2,B1,BB3,1/1/2019,0
A1,AA2,B2,BB4,1/1/2019,0
A1,AA2,B2,BB5,1/1/2019,0
A1,AA2,B2,BB6,1/1/2019,0
A1,AA2,B3,BB7,1/1/2019,0
A1,AA2,B3,BB8,1/1/2019,0
A1,AA2,B3,BB9,1/1/2019,0
A1,AA3,B1,BB1,1/1/2019,0
A1,AA3,B1,BB2,1/1/2019,0
A1,AA3,B1,BB3,1/1/2019,0
A1,AA3,B2,BB4,1/1/2019,0
A1,AA3,B2,BB5,1/1/2019,0
A1,AA3,B2,BB6,1/1/2019,0
A1,AA3,B3,BB7,1/1/2019,0
A1,AA3,B3,BB8,1/1/2019,0
A1,AA3,B3,BB9,1/1/2019,0
A2,AA4,B1,BB1,1/1/2019,0
A2,AA4,B1,BB2,1/1/2019,0
A2,AA4,B1,BB3,1/1/2019,0
A2,AA4,B2,BB4,1/1/2019,0
A2,AA4,B2,BB5,1/1/2019,0
A2,AA4,B2,BB6,1/1/2019,0
A2,AA4,B3,BB7,1/1/2019,0
A2,AA4,B3,BB8,1/1/2019,0
A2,AA4,B3,BB9,1/1/2019,0
A2,AA5,B1,BB1,1/1/2019,0
A2,AA5,B1,BB2,1/1/2019,0
A2,AA5,B1,BB3,1/1/2019,0
A2,AA5,B2,BB4,1/1/2019,0
A2,AA5,B2,BB5,1/1/2019,0
A2,AA5,B2,BB6,1/1/2019,0
A2,AA5,B3,BB7,1/1/2019,0
A2,AA5,B3,BB8,1/1/2019,0
A2,AA5,B3,BB9,1/1/2019,0
A2,AA6,B1,BB1,1/1/2019,0
A2,AA6,B1,BB2,1/1/2019,0
A2,AA6,B1,BB3,1/1/2019,0
A2,AA6,B2,BB4,1/1/2019,0
A2,AA6,B2,BB5,1/1/2019,0
A2,AA6,B2,BB6,1/1/2019,0
A2,AA6,B3,BB7,1/1/2019,0
A2,AA6,B3,BB8,1/1/2019,0
A2,AA6,B3,BB9,1/1/2019,0
A3,AA7,B1,BB1,1/1/2019,0
A3,AA7,B1,BB2,1/1/2019,0
A3,AA7,B1,BB3,1/1/2019,0
A3,AA7,B2,BB4,1/1/2019,0
A3,AA7,B2,BB5,1/1/2019,0
A3,AA7,B2,BB6,1/1/2019,0
A3,AA7,B3,BB7,1/1/2019,0
A3,AA7,B3,BB8,1/1/2019,0
A3,AA7,B3,BB9,1/1/2019,0
A3,AA8,B1,BB1,1/1/2019,0
A3,AA8,B1,BB2,1/1/2019,0
A3,AA8,B1,BB3,1/1/2019,0
A3,AA8,B2,BB4,1/1/2019,0
A3,AA8,B2,BB5,1/1/2019,0
A3,AA8,B2,BB6,1/1/2019,0
A3,AA8,B3,BB7,1/1/2019,0
A3,AA8,B3,BB8,1/1/2019,0
A3,AA8,B3,BB9,1/1/2019,0
A3,AA9,B1,BB1,1/1/2019,0
A3,AA9,B1,BB2,1/1/2019,0
A3,AA9,B1,BB3,1/1/2019,0
A3,AA9,B2,BB4,1/1/2019,0
A3,AA9,B2,BB5,1/1/2019,0
A3,AA9,B2,BB6,1/1/2019,0
A3,AA9,B3,BB7,1/1/2019,0
A3,AA9,B3,BB8,1/1/2019,0
A3,AA9,B3,BB9,1/1/2019,0